{
    "Aventurero de Prueba": {
        "diagnostico": {
            "puntaje": 3,
            "total": 5,
            "completado": false
        },
        "tierra": {
            "puntaje": 1,
            "total": 5,
            "completado": false
        },
        "lava": {
            "puntaje": 1,
            "total": 5,
            "completado": false
        },
        "piedra": {
            "puntaje": 0,
            "total": 0,
            "completado": true
        },
        "cueva": {
            "puntaje": 0,
            "total": 0,
            "completado": true
        }
    },
    "Diego": {
        "tierra": {
            "puntaje": 2,
            "total": 5,
            "completado": false
        },
        "piedra": {
            "puntaje": 0,
            "total": 5,
            "completado": false
        },
        "cueva": {
            "puntaje": 0,
            "total": 5,
            "completado": false
        },
        "lava": {
            "puntaje": 0,
            "total": 5,
            "completado": false
        }
    }
}