{
    "diego": {
        "password": "123456",
        "nombre": "diego",
        "edad": "18",
        "grado": "1",
        "genero": "H",
        "fecha_nacimiento": "2006",
        "habilidad": "Básica",
        "progreso": {
            "nivel1": false,
            "nivel2": false,
            "nivel3": false,
            "nivel4": false
        }
    },
    "Diego": {
        "password": "123456",
        "nombre": "Diego",
        "edad": "1",
        "grado": "1",
        "genero": "1",
        "fecha_nacimiento": "1",
        "habilidad": "Básica",
        "progreso": {
            "nivel1": false,
            "nivel2": false,
            "nivel3": false,
            "nivel4": false
        }
    }
}